File:, C1_10_1.TXT, Execution time:, 11.63, Total cost:, 47335.84, vehicles used:, 149, max route length:, 16
File:, C1_10_10.TXT, Execution time:, 11.03, Total cost:, 43584.63, vehicles used:, 106, max route length:, 16
File:, C1_10_2.TXT, Execution time:, 11.09, Total cost:, 43486.27, vehicles used:, 115, max route length:, 16
File:, C1_10_3.TXT, Execution time:, 11.46, Total cost:, 43050.72, vehicles used:, 100, max route length:, 16
File:, C1_10_4.TXT, Execution time:, 11.60, Total cost:, 42628.05, vehicles used:, 92, max route length:, 16
File:, C1_10_5.TXT, Execution time:, 10.52, Total cost:, 45337.57, vehicles used:, 133, max route length:, 16
File:, C1_10_6.TXT, Execution time:, 11.06, Total cost:, 44797.54, vehicles used:, 132, max route length:, 16
File:, C1_10_7.TXT, Execution time:, 15.22, Total cost:, 44893.07, vehicles used:, 130, max route length:, 16
File:, C1_10_8.TXT, Execution time:, 10.77, Total cost:, 44117.77, vehicles used:, 119, max route length:, 16
File:, C1_10_9.TXT, Execution time:, 11.26, Total cost:, 42903.13, vehicles used:, 110, max route length:, 16
File:, C2_10_1.TXT, Execution time:, 11.00, Total cost:, 18213.92, vehicles used:, 43, max route length:, 38
File:, C2_10_10.TXT, Execution time:, 10.81, Total cost:, 17948.38, vehicles used:, 39, max route length:, 38
File:, C2_10_2.TXT, Execution time:, 10.87, Total cost:, 18662.15, vehicles used:, 39, max route length:, 38
File:, C2_10_3.TXT, Execution time:, 11.22, Total cost:, 18850.70, vehicles used:, 37, max route length:, 38
File:, C2_10_4.TXT, Execution time:, 10.99, Total cost:, 18441.49, vehicles used:, 36, max route length:, 38
File:, C2_10_5.TXT, Execution time:, 11.03, Total cost:, 18577.25, vehicles used:, 41, max route length:, 38
File:, C2_10_6.TXT, Execution time:, 10.79, Total cost:, 18657.38, vehicles used:, 40, max route length:, 37
File:, C2_10_7.TXT, Execution time:, 10.77, Total cost:, 18817.64, vehicles used:, 39, max route length:, 37
File:, C2_10_8.TXT, Execution time:, 10.87, Total cost:, 17944.49, vehicles used:, 40, max route length:, 38
File:, C2_10_9.TXT, Execution time:, 10.72, Total cost:, 18467.05, vehicles used:, 38, max route length:, 37
File:, R1_10_1.TXT, Execution time:, 11.70, Total cost:, 56291.95, vehicles used:, 100, max route length:, 15
File:, R1_10_10.TXT, Execution time:, 11.45, Total cost:, 50858.08, vehicles used:, 92, max route length:, 16
File:, R1_10_2.TXT, Execution time:, 12.11, Total cost:, 52671.68, vehicles used:, 92, max route length:, 17
File:, R1_10_3.TXT, Execution time:, 12.41, Total cost:, 51112.61, vehicles used:, 91, max route length:, 17
File:, R1_10_4.TXT, Execution time:, 11.52, Total cost:, 46652.40, vehicles used:, 91, max route length:, 18
File:, R1_10_5.TXT, Execution time:, 11.59, Total cost:, 54545.69, vehicles used:, 92, max route length:, 17
File:, R1_10_6.TXT, Execution time:, 11.60, Total cost:, 50554.16, vehicles used:, 92, max route length:, 17
File:, R1_10_7.TXT, Execution time:, 11.31, Total cost:, 49390.29, vehicles used:, 91, max route length:, 17
File:, R1_10_8.TXT, Execution time:, 12.38, Total cost:, 46929.12, vehicles used:, 91, max route length:, 17
File:, R1_10_9.TXT, Execution time:, 11.54, Total cost:, 53069.84, vehicles used:, 92, max route length:, 16
File:, R2_10_1.TXT, Execution time:, 10.77, Total cost:, 43244.80, vehicles used:, 22, max route length:, 57
File:, R2_10_10.TXT, Execution time:, 10.69, Total cost:, 33919.56, vehicles used:, 19, max route length:, 61
File:, R2_10_2.TXT, Execution time:, 11.11, Total cost:, 36338.62, vehicles used:, 20, max route length:, 60
File:, R2_10_3.TXT, Execution time:, 10.90, Total cost:, 29207.76, vehicles used:, 19, max route length:, 63
File:, R2_10_4.TXT, Execution time:, 11.28, Total cost:, 21457.39, vehicles used:, 19, max route length:, 62
File:, R2_10_5.TXT, Execution time:, 10.93, Total cost:, 40288.99, vehicles used:, 19, max route length:, 62
File:, R2_10_6.TXT, Execution time:, 10.65, Total cost:, 33372.03, vehicles used:, 19, max route length:, 63
File:, R2_10_7.TXT, Execution time:, 12.07, Total cost:, 26677.76, vehicles used:, 19, max route length:, 61
File:, R2_10_8.TXT, Execution time:, 11.67, Total cost:, 20346.78, vehicles used:, 19, max route length:, 63
File:, R2_10_9.TXT, Execution time:, 11.25, Total cost:, 36785.01, vehicles used:, 19, max route length:, 61
File:, RC1_10_1.TXT, Execution time:, 11.85, Total cost:, 48733.19, vehicles used:, 100, max route length:, 16
File:, RC1_10_10.TXT, Execution time:, 11.64, Total cost:, 47659.90, vehicles used:, 90, max route length:, 17
File:, RC1_10_2.TXT, Execution time:, 12.12, Total cost:, 47096.19, vehicles used:, 93, max route length:, 17
File:, RC1_10_3.TXT, Execution time:, 11.43, Total cost:, 45543.24, vehicles used:, 90, max route length:, 17
File:, RC1_10_4.TXT, Execution time:, 11.51, Total cost:, 43864.97, vehicles used:, 90, max route length:, 17
File:, RC1_10_5.TXT, Execution time:, 12.17, Total cost:, 49297.28, vehicles used:, 92, max route length:, 17
File:, RC1_10_6.TXT, Execution time:, 11.55, Total cost:, 48723.54, vehicles used:, 92, max route length:, 16
File:, RC1_10_7.TXT, Execution time:, 11.57, Total cost:, 48094.10, vehicles used:, 91, max route length:, 17
File:, RC1_10_8.TXT, Execution time:, 11.32, Total cost:, 47117.59, vehicles used:, 91, max route length:, 18
File:, RC1_10_9.TXT, Execution time:, 11.42, Total cost:, 47543.02, vehicles used:, 91, max route length:, 17
File:, RC2_10_1.TXT, Execution time:, 11.13, Total cost:, 29350.73, vehicles used:, 30, max route length:, 56
File:, RC2_10_10.TXT, Execution time:, 11.23, Total cost:, 23897.62, vehicles used:, 20, max route length:, 60
File:, RC2_10_2.TXT, Execution time:, 12.33, Total cost:, 26307.32, vehicles used:, 25, max route length:, 58
File:, RC2_10_3.TXT, Execution time:, 10.76, Total cost:, 21598.23, vehicles used:, 24, max route length:, 60
File:, RC2_10_4.TXT, Execution time:, 10.97, Total cost:, 18460.89, vehicles used:, 19, max route length:, 67
File:, RC2_10_5.TXT, Execution time:, 11.24, Total cost:, 27986.76, vehicles used:, 25, max route length:, 58
File:, RC2_10_6.TXT, Execution time:, 10.92, Total cost:, 27423.55, vehicles used:, 24, max route length:, 61
File:, RC2_10_7.TXT, Execution time:, 11.27, Total cost:, 26874.86, vehicles used:, 22, max route length:, 60
File:, RC2_10_8.TXT, Execution time:, 10.85, Total cost:, 25504.34, vehicles used:, 23, max route length:, 55
File:, RC2_10_9.TXT, Execution time:, 10.93, Total cost:, 24911.18, vehicles used:, 20, max route length:, 64
